# Redirect legacy essay paths to new locations

# Scrollytelling redirects - moved from /scrollytelling/ to /essays/
/scrollytelling/honey-never-spoils /essays/honey-never-spoils 301
/scrollytelling/honey-never-spoils/ /essays/honey-never-spoils/ 301
/scrollytelling/mammary-gland-evolution /essays/mammary-gland-evolution 301
/scrollytelling/mammary-gland-evolution/ /essays/mammary-gland-evolution/ 301
/scrollytelling/evolution-of-mammary-glands /essays/evolution-of-mammary-glands 301
/scrollytelling/evolution-of-mammary-glands/ /essays/evolution-of-mammary-glands/ 301
/scrollytelling/eternal-honey /essays/eternal-honey 301
/scrollytelling/eternal-honey/ /essays/eternal-honey/ 301
/scrollytelling/the-dna-helix /essays/the-dna-helix 301
/scrollytelling/the-dna-helix/ /essays/the-dna-helix/ 301
/scrollytelling/the-skyscraper /essays/the-skyscraper 301
/scrollytelling/the-skyscraper/ /essays/the-skyscraper/ 301
/scrollytelling/the-firearm /essays/the-firearm 301
/scrollytelling/the-firearm/ /essays/the-firearm/ 301
/scrollytelling/the-train /essays/the-train 301
/scrollytelling/the-train/ /essays/the-train/ 301
/scrollytelling/the-invention-of-the-car /essays/the-invention-of-the-car 301
/scrollytelling/the-invention-of-the-car/ /essays/the-invention-of-the-car/ 301
/scrollytelling/the-invention-of-wine /essays/the-invention-of-wine 301
/scrollytelling/the-invention-of-wine/ /essays/the-invention-of-wine/ 301
/scrollytelling/the-pale-blue-dot /essays/the-pale-blue-dot 301
/scrollytelling/the-pale-blue-dot/ /essays/the-pale-blue-dot/ 301
/scrollytelling/the-deep-ocean /essays/the-deep-ocean 301
/scrollytelling/the-deep-ocean/ /essays/the-deep-ocean/ 301
/scrollytelling/language-death /essays/language-death 301
/scrollytelling/language-death/ /essays/language-death/ 301
/scrollytelling/who-invented-the-mirror /essays/who-invented-the-mirror 301
/scrollytelling/who-invented-the-mirror/ /essays/who-invented-the-mirror/ 301
/scrollytelling/who-invented-soda /essays/who-invented-soda 301
/scrollytelling/who-invented-soda/ /essays/who-invented-soda/ 301
/scrollytelling/who-invented-the-sneaker /essays/who-invented-the-sneaker 301
/scrollytelling/who-invented-the-sneaker/ /essays/who-invented-the-sneaker/ 301
/scrollytelling/who-invented-high-heels /essays/who-invented-high-heels 301
/scrollytelling/who-invented-high-heels/ /essays/who-invented-high-heels/ 301
/scrollytelling/who-invented-the-bicycle /essays/who-invented-the-bicycle 301
/scrollytelling/who-invented-the-bicycle/ /essays/who-invented-the-bicycle/ 301
/scrollytelling/who-invented-the-spoon /essays/who-invented-the-spoon 301
/scrollytelling/who-invented-the-spoon/ /essays/who-invented-the-spoon/ 301
/scrollytelling/who-invented-basketball /essays/who-invented-basketball 301
/scrollytelling/who-invented-basketball/ /essays/who-invented-basketball/ 301
/scrollytelling/who-invented-the-fork /essays/who-invented-the-fork 301
/scrollytelling/who-invented-the-fork/ /essays/who-invented-the-fork/ 301
/scrollytelling/how-to-write-an-essay /essays/foundations/how-to-write-an-essay 301
/scrollytelling/how-to-write-an-essay/ /essays/foundations/how-to-write-an-essay/ 301
/scrollytelling/the-night-the-stars-fell /essays/the-night-the-stars-fell 301
/scrollytelling/the-night-the-stars-fell/ /essays/the-night-the-stars-fell/ 301
/scrollytelling/the-monster-under-my-bed /essays/the-monster-under-my-bed 301
/scrollytelling/the-monster-under-my-bed/ /essays/the-monster-under-my-bed/ 301
/scrollytelling/mia-mouse-mystery-m /essays/mia-mouse-mystery-m 301
/scrollytelling/mia-mouse-mystery-m/ /essays/mia-mouse-mystery-m/ 301
/scrollytelling/alphabet-adventure-train /essays/alphabet-adventure-train 301
/scrollytelling/alphabet-adventure-train/ /essays/alphabet-adventure-train/ 301
/scrollytelling/sammy-snail-super-speed /essays/sammy-snail-super-speed 301
/scrollytelling/sammy-snail-super-speed/ /essays/sammy-snail-super-speed/ 301
/scrollytelling/flavors-of-the-east /essays/flavors-of-the-east 301
/scrollytelling/flavors-of-the-east/ /essays/flavors-of-the-east/ 301

# Etymology essays - moved from /essays/ to /essays/etymology/
/essays/the-word-essay /essays/etymology/the-word-essay 301
/essays/the-word-essay/ /essays/etymology/the-word-essay/ 301
/essays/the-word-robot /essays/etymology/the-word-robot 301
/essays/the-word-robot/ /essays/etymology/the-word-robot/ 301
/essays/the-word-dick /essays/etymology/the-word-dick 301
/essays/the-word-dick/ /essays/etymology/the-word-dick/ 301
/essays/the-word-pussy /essays/etymology/the-word-pussy 301
/essays/the-word-pussy/ /essays/etymology/the-word-pussy/ 301
/essays/the-word-han /essays/etymology/the-word-han 301
/essays/the-word-han/ /essays/etymology/the-word-han/ 301
/essays/the-word-animal /essays/etymology/the-word-animal 301
/essays/the-word-animal/ /essays/etymology/the-word-animal/ 301
/essays/the-origin-of-animal /essays/etymology/the-origin-of-animal 301
/essays/the-origin-of-animal/ /essays/etymology/the-origin-of-animal/ 301
/essays/the-origin-of-sex /essays/etymology/the-origin-of-sex 301
/essays/the-origin-of-sex/ /essays/etymology/the-origin-of-sex/ 301
/essays/the-origin-of-toy /essays/etymology/the-origin-of-toy 301
/essays/the-origin-of-toy/ /essays/etymology/the-origin-of-toy/ 301
/essays/the-origin-of-the-word-dick /essays/etymology/the-origin-of-the-word-dick 301
/essays/the-origin-of-the-word-dick/ /essays/etymology/the-origin-of-the-word-dick/ 301
/essays/the-origin-of-the-word-porn /essays/etymology/the-origin-of-the-word-porn 301
/essays/the-origin-of-the-word-porn/ /essays/etymology/the-origin-of-the-word-porn/ 301
/essays/pornography-etymology /essays/etymology/pornography-etymology 301
/essays/pornography-etymology/ /essays/etymology/pornography-etymology/ 301

# Visual essay redirects to etymology
/essays/visual/the-word-dick /essays/etymology/the-word-dick 301
/essays/visual/the-word-dick/ /essays/etymology/the-word-dick/ 301
/essays/visual/the-origin-of-the-word-dick /essays/etymology/the-origin-of-the-word-dick 301
/essays/visual/the-origin-of-the-word-dick/ /essays/etymology/the-origin-of-the-word-dick/ 301

# History essays
/essays/the-manhattan-project /essays/history/the-manhattan-project 301
/essays/the-manhattan-project/ /essays/history/the-manhattan-project/ 301

# Foundations essays (writing guides)
/essays/how-to-write-a-hook /essays/foundations/how-to-write-a-hook 301
/essays/how-to-write-a-hook/ /essays/foundations/how-to-write-a-hook/ 301
/essays/guides/how-to-write-an-essay /essays/foundations/how-to-write-an-essay 301
/essays/guides/how-to-write-an-essay/ /essays/foundations/how-to-write-an-essay/ 301

# Fentanyl crisis timeline (history)
/essays/fentanyl-timeline /essays/history/fentanyl-crisis-timeline 301
/essays/fentanyl-timeline/ /essays/history/fentanyl-crisis-timeline/ 301
/essays/fentanyl-crisis-timeline /essays/history/fentanyl-crisis-timeline 301
/essays/fentanyl-crisis-timeline/ /essays/history/fentanyl-crisis-timeline/ 301
